--
-- PostgreSQL database dump
--



-- Dumped from database version 18.3 (Debian 18.3-1.pgdg12+1)
-- Dumped by pg_dump version 18.3

-- Started on 2026-03-26 21:32:47

SET statement_timeout = 0;
SET lock_timeout = 0;
SET idle_in_transaction_session_timeout = 0;
SET transaction_timeout = 0;
SET client_encoding = 'UTF8';
SET standard_conforming_strings = on;
SELECT pg_catalog.set_config('search_path', '', false);
SET check_function_bodies = false;
SET xmloption = content;
SET client_min_messages = warning;
SET row_security = off;

--
-- TOC entry 5 (class 2615 OID 16638)
-- Name: public; Type: SCHEMA; Schema: -; Owner: ikram_django_render_user
--

-- *not* creating schema, since initdb creates it


ALTER SCHEMA public OWNER TO ikram_django_render_user;

--
-- TOC entry 3532 (class 0 OID 0)
-- Dependencies: 5
-- Name: SCHEMA public; Type: COMMENT; Schema: -; Owner: ikram_django_render_user
--

COMMENT ON SCHEMA public IS '';


SET default_tablespace = '';

SET default_table_access_method = heap;

--
-- TOC entry 219 (class 1259 OID 16640)
-- Name: auth_group; Type: TABLE; Schema: public; Owner: ikram_django_render_user
--

CREATE TABLE public.auth_group (
    id integer NOT NULL,
    name character varying(150) NOT NULL
);


ALTER TABLE public.auth_group OWNER TO ikram_django_render_user;

--
-- TOC entry 220 (class 1259 OID 16645)
-- Name: auth_group_id_seq; Type: SEQUENCE; Schema: public; Owner: ikram_django_render_user
--

ALTER TABLE public.auth_group ALTER COLUMN id ADD GENERATED BY DEFAULT AS IDENTITY (
    SEQUENCE NAME public.auth_group_id_seq
    START WITH 1
    INCREMENT BY 1
    NO MINVALUE
    NO MAXVALUE
    CACHE 1
);


--
-- TOC entry 221 (class 1259 OID 16646)
-- Name: auth_group_permissions; Type: TABLE; Schema: public; Owner: ikram_django_render_user
--

CREATE TABLE public.auth_group_permissions (
    id bigint NOT NULL,
    group_id integer NOT NULL,
    permission_id integer NOT NULL
);


ALTER TABLE public.auth_group_permissions OWNER TO ikram_django_render_user;

--
-- TOC entry 222 (class 1259 OID 16652)
-- Name: auth_group_permissions_id_seq; Type: SEQUENCE; Schema: public; Owner: ikram_django_render_user
--

ALTER TABLE public.auth_group_permissions ALTER COLUMN id ADD GENERATED BY DEFAULT AS IDENTITY (
    SEQUENCE NAME public.auth_group_permissions_id_seq
    START WITH 1
    INCREMENT BY 1
    NO MINVALUE
    NO MAXVALUE
    CACHE 1
);


--
-- TOC entry 223 (class 1259 OID 16653)
-- Name: auth_permission; Type: TABLE; Schema: public; Owner: ikram_django_render_user
--

CREATE TABLE public.auth_permission (
    id integer NOT NULL,
    name character varying(255) NOT NULL,
    content_type_id integer NOT NULL,
    codename character varying(100) NOT NULL
);


ALTER TABLE public.auth_permission OWNER TO ikram_django_render_user;

--
-- TOC entry 224 (class 1259 OID 16660)
-- Name: auth_permission_id_seq; Type: SEQUENCE; Schema: public; Owner: ikram_django_render_user
--

ALTER TABLE public.auth_permission ALTER COLUMN id ADD GENERATED BY DEFAULT AS IDENTITY (
    SEQUENCE NAME public.auth_permission_id_seq
    START WITH 1
    INCREMENT BY 1
    NO MINVALUE
    NO MAXVALUE
    CACHE 1
);


--
-- TOC entry 225 (class 1259 OID 16661)
-- Name: auth_user; Type: TABLE; Schema: public; Owner: ikram_django_render_user
--

CREATE TABLE public.auth_user (
    id integer NOT NULL,
    password character varying(128) NOT NULL,
    last_login timestamp with time zone,
    is_superuser boolean NOT NULL,
    username character varying(150) NOT NULL,
    first_name character varying(150) NOT NULL,
    last_name character varying(150) NOT NULL,
    email character varying(254) NOT NULL,
    is_staff boolean NOT NULL,
    is_active boolean NOT NULL,
    date_joined timestamp with time zone NOT NULL
);


ALTER TABLE public.auth_user OWNER TO ikram_django_render_user;

--
-- TOC entry 226 (class 1259 OID 16676)
-- Name: auth_user_groups; Type: TABLE; Schema: public; Owner: ikram_django_render_user
--

CREATE TABLE public.auth_user_groups (
    id bigint NOT NULL,
    user_id integer NOT NULL,
    group_id integer NOT NULL
);


ALTER TABLE public.auth_user_groups OWNER TO ikram_django_render_user;

--
-- TOC entry 227 (class 1259 OID 16682)
-- Name: auth_user_groups_id_seq; Type: SEQUENCE; Schema: public; Owner: ikram_django_render_user
--

ALTER TABLE public.auth_user_groups ALTER COLUMN id ADD GENERATED BY DEFAULT AS IDENTITY (
    SEQUENCE NAME public.auth_user_groups_id_seq
    START WITH 1
    INCREMENT BY 1
    NO MINVALUE
    NO MAXVALUE
    CACHE 1
);


--
-- TOC entry 228 (class 1259 OID 16683)
-- Name: auth_user_id_seq; Type: SEQUENCE; Schema: public; Owner: ikram_django_render_user
--

ALTER TABLE public.auth_user ALTER COLUMN id ADD GENERATED BY DEFAULT AS IDENTITY (
    SEQUENCE NAME public.auth_user_id_seq
    START WITH 1
    INCREMENT BY 1
    NO MINVALUE
    NO MAXVALUE
    CACHE 1
);


--
-- TOC entry 229 (class 1259 OID 16684)
-- Name: auth_user_user_permissions; Type: TABLE; Schema: public; Owner: ikram_django_render_user
--

CREATE TABLE public.auth_user_user_permissions (
    id bigint NOT NULL,
    user_id integer NOT NULL,
    permission_id integer NOT NULL
);


ALTER TABLE public.auth_user_user_permissions OWNER TO ikram_django_render_user;

--
-- TOC entry 230 (class 1259 OID 16690)
-- Name: auth_user_user_permissions_id_seq; Type: SEQUENCE; Schema: public; Owner: ikram_django_render_user
--

ALTER TABLE public.auth_user_user_permissions ALTER COLUMN id ADD GENERATED BY DEFAULT AS IDENTITY (
    SEQUENCE NAME public.auth_user_user_permissions_id_seq
    START WITH 1
    INCREMENT BY 1
    NO MINVALUE
    NO MAXVALUE
    CACHE 1
);


--
-- TOC entry 231 (class 1259 OID 16691)
-- Name: django_admin_log; Type: TABLE; Schema: public; Owner: ikram_django_render_user
--

CREATE TABLE public.django_admin_log (
    id integer NOT NULL,
    action_time timestamp with time zone NOT NULL,
    object_id text,
    object_repr character varying(200) NOT NULL,
    action_flag smallint NOT NULL,
    change_message text NOT NULL,
    content_type_id integer,
    user_id integer NOT NULL,
    CONSTRAINT django_admin_log_action_flag_check CHECK ((action_flag >= 0))
);


ALTER TABLE public.django_admin_log OWNER TO ikram_django_render_user;

--
-- TOC entry 232 (class 1259 OID 16703)
-- Name: django_admin_log_id_seq; Type: SEQUENCE; Schema: public; Owner: ikram_django_render_user
--

ALTER TABLE public.django_admin_log ALTER COLUMN id ADD GENERATED BY DEFAULT AS IDENTITY (
    SEQUENCE NAME public.django_admin_log_id_seq
    START WITH 1
    INCREMENT BY 1
    NO MINVALUE
    NO MAXVALUE
    CACHE 1
);


--
-- TOC entry 233 (class 1259 OID 16704)
-- Name: django_content_type; Type: TABLE; Schema: public; Owner: ikram_django_render_user
--

CREATE TABLE public.django_content_type (
    id integer NOT NULL,
    app_label character varying(100) NOT NULL,
    model character varying(100) NOT NULL
);


ALTER TABLE public.django_content_type OWNER TO ikram_django_render_user;

--
-- TOC entry 234 (class 1259 OID 16710)
-- Name: django_content_type_id_seq; Type: SEQUENCE; Schema: public; Owner: ikram_django_render_user
--

ALTER TABLE public.django_content_type ALTER COLUMN id ADD GENERATED BY DEFAULT AS IDENTITY (
    SEQUENCE NAME public.django_content_type_id_seq
    START WITH 1
    INCREMENT BY 1
    NO MINVALUE
    NO MAXVALUE
    CACHE 1
);


--
-- TOC entry 235 (class 1259 OID 16711)
-- Name: django_migrations; Type: TABLE; Schema: public; Owner: ikram_django_render_user
--

CREATE TABLE public.django_migrations (
    id bigint NOT NULL,
    app character varying(255) NOT NULL,
    name character varying(255) NOT NULL,
    applied timestamp with time zone NOT NULL
);


ALTER TABLE public.django_migrations OWNER TO ikram_django_render_user;

--
-- TOC entry 236 (class 1259 OID 16720)
-- Name: django_migrations_id_seq; Type: SEQUENCE; Schema: public; Owner: ikram_django_render_user
--

ALTER TABLE public.django_migrations ALTER COLUMN id ADD GENERATED BY DEFAULT AS IDENTITY (
    SEQUENCE NAME public.django_migrations_id_seq
    START WITH 1
    INCREMENT BY 1
    NO MINVALUE
    NO MAXVALUE
    CACHE 1
);


--
-- TOC entry 237 (class 1259 OID 16721)
-- Name: django_session; Type: TABLE; Schema: public; Owner: ikram_django_render_user
--

CREATE TABLE public.django_session (
    session_key character varying(40) NOT NULL,
    session_data text NOT NULL,
    expire_date timestamp with time zone NOT NULL
);


ALTER TABLE public.django_session OWNER TO ikram_django_render_user;

--
-- TOC entry 238 (class 1259 OID 16729)
-- Name: inventory_item; Type: TABLE; Schema: public; Owner: ikram_django_render_user
--

CREATE TABLE public.inventory_item (
    item_id integer NOT NULL,
    name character varying(200) NOT NULL,
    price_per_kg double precision NOT NULL,
    is_subsidized boolean NOT NULL
);


ALTER TABLE public.inventory_item OWNER TO ikram_django_render_user;

--
-- TOC entry 239 (class 1259 OID 16736)
-- Name: inventory_item_item_id_seq; Type: SEQUENCE; Schema: public; Owner: ikram_django_render_user
--

ALTER TABLE public.inventory_item ALTER COLUMN item_id ADD GENERATED BY DEFAULT AS IDENTITY (
    SEQUENCE NAME public.inventory_item_item_id_seq
    START WITH 1
    INCREMENT BY 1
    NO MINVALUE
    NO MAXVALUE
    CACHE 1
);


--
-- TOC entry 240 (class 1259 OID 16737)
-- Name: inventory_stock; Type: TABLE; Schema: public; Owner: ikram_django_render_user
--

CREATE TABLE public.inventory_stock (
    stock_id integer NOT NULL,
    quantity double precision NOT NULL,
    item_id integer NOT NULL,
    store_id integer NOT NULL,
    last_updated timestamp with time zone NOT NULL
);


ALTER TABLE public.inventory_stock OWNER TO ikram_django_render_user;

--
-- TOC entry 241 (class 1259 OID 16745)
-- Name: inventory_stock_stock_id_seq; Type: SEQUENCE; Schema: public; Owner: ikram_django_render_user
--

ALTER TABLE public.inventory_stock ALTER COLUMN stock_id ADD GENERATED BY DEFAULT AS IDENTITY (
    SEQUENCE NAME public.inventory_stock_stock_id_seq
    START WITH 1
    INCREMENT BY 1
    NO MINVALUE
    NO MAXVALUE
    CACHE 1
);


--
-- TOC entry 242 (class 1259 OID 16746)
-- Name: inventory_store; Type: TABLE; Schema: public; Owner: ikram_django_render_user
--

CREATE TABLE public.inventory_store (
    store_id integer NOT NULL,
    name character varying(200) NOT NULL,
    district character varying(100) NOT NULL,
    latitude double precision NOT NULL,
    longitude double precision NOT NULL
);


ALTER TABLE public.inventory_store OWNER TO ikram_django_render_user;

--
-- TOC entry 243 (class 1259 OID 16754)
-- Name: inventory_store_store_id_seq; Type: SEQUENCE; Schema: public; Owner: ikram_django_render_user
--

ALTER TABLE public.inventory_store ALTER COLUMN store_id ADD GENERATED BY DEFAULT AS IDENTITY (
    SEQUENCE NAME public.inventory_store_store_id_seq
    START WITH 1
    INCREMENT BY 1
    NO MINVALUE
    NO MAXVALUE
    CACHE 1
);


--
-- TOC entry 3502 (class 0 OID 16640)
-- Dependencies: 219
-- Data for Name: auth_group; Type: TABLE DATA; Schema: public; Owner: ikram_django_render_user
--

COPY public.auth_group (id, name) FROM stdin;
\.


--
-- TOC entry 3504 (class 0 OID 16646)
-- Dependencies: 221
-- Data for Name: auth_group_permissions; Type: TABLE DATA; Schema: public; Owner: ikram_django_render_user
--

COPY public.auth_group_permissions (id, group_id, permission_id) FROM stdin;
\.


--
-- TOC entry 3506 (class 0 OID 16653)
-- Dependencies: 223
-- Data for Name: auth_permission; Type: TABLE DATA; Schema: public; Owner: ikram_django_render_user
--

COPY public.auth_permission (id, name, content_type_id, codename) FROM stdin;
1	Can add log entry	1	add_logentry
2	Can change log entry	1	change_logentry
3	Can delete log entry	1	delete_logentry
4	Can view log entry	1	view_logentry
5	Can add permission	3	add_permission
6	Can change permission	3	change_permission
7	Can delete permission	3	delete_permission
8	Can view permission	3	view_permission
9	Can add group	2	add_group
10	Can change group	2	change_group
11	Can delete group	2	delete_group
12	Can view group	2	view_group
13	Can add user	4	add_user
14	Can change user	4	change_user
15	Can delete user	4	delete_user
16	Can view user	4	view_user
17	Can add content type	5	add_contenttype
18	Can change content type	5	change_contenttype
19	Can delete content type	5	delete_contenttype
20	Can view content type	5	view_contenttype
21	Can add session	6	add_session
22	Can change session	6	change_session
23	Can delete session	6	delete_session
24	Can view session	6	view_session
25	Can add item	7	add_item
26	Can change item	7	change_item
27	Can delete item	7	delete_item
28	Can view item	7	view_item
29	Can add store	9	add_store
30	Can change store	9	change_store
31	Can delete store	9	delete_store
32	Can view store	9	view_store
33	Can add stock	8	add_stock
34	Can change stock	8	change_stock
35	Can delete stock	8	delete_stock
36	Can view stock	8	view_stock
\.


--
-- TOC entry 3508 (class 0 OID 16661)
-- Dependencies: 225
-- Data for Name: auth_user; Type: TABLE DATA; Schema: public; Owner: ikram_django_render_user
--

COPY public.auth_user (id, password, last_login, is_superuser, username, first_name, last_name, email, is_staff, is_active, date_joined) FROM stdin;
1	pbkdf2_sha256$1200000$G5YBPBTk5JR2fRD6HOMOBE$pEBmQF1w4KsrdryjKKLAVGyNoTtQ76Lf9c6oVT9wwvQ=	2026-03-24 11:47:43.126603+00	t	username				t	t	2026-02-26 11:39:37.736084+00
\.


--
-- TOC entry 3509 (class 0 OID 16676)
-- Dependencies: 226
-- Data for Name: auth_user_groups; Type: TABLE DATA; Schema: public; Owner: ikram_django_render_user
--

COPY public.auth_user_groups (id, user_id, group_id) FROM stdin;
\.


--
-- TOC entry 3512 (class 0 OID 16684)
-- Dependencies: 229
-- Data for Name: auth_user_user_permissions; Type: TABLE DATA; Schema: public; Owner: ikram_django_render_user
--

COPY public.auth_user_user_permissions (id, user_id, permission_id) FROM stdin;
\.


--
-- TOC entry 3514 (class 0 OID 16691)
-- Dependencies: 231
-- Data for Name: django_admin_log; Type: TABLE DATA; Schema: public; Owner: ikram_django_render_user
--

COPY public.django_admin_log (id, action_time, object_id, object_repr, action_flag, change_message, content_type_id, user_id) FROM stdin;
1	2026-02-26 12:09:06.68908+00	2	Trivandrum supplyco	1	[{"added": {}}]	9	1
2	2026-02-26 12:09:41.678986+00	1	Rice	2	[{"changed": {"fields": ["Price per kg"]}}]	7	1
3	2026-02-26 12:12:26.59855+00	3	Kunnamkulam Supplyco	1	[{"added": {}}]	9	1
4	2026-02-26 12:17:10.900832+00	1	Rice	3		7	1
5	2026-02-26 12:17:36.310496+00	3	Kunnamkulam Supplyco	3		9	1
6	2026-02-26 12:17:40.45032+00	2	Trivandrum supplyco	3		9	1
7	2026-02-26 12:17:44.452536+00	1	Thrissur Supplyco	3		9	1
8	2026-03-24 11:39:36.784642+00	64	Guruvayur Supplyco - Chana Dal	2	[{"changed": {"fields": ["Quantity"]}}]	8	1
\.


--
-- TOC entry 3516 (class 0 OID 16704)
-- Dependencies: 233
-- Data for Name: django_content_type; Type: TABLE DATA; Schema: public; Owner: ikram_django_render_user
--

COPY public.django_content_type (id, app_label, model) FROM stdin;
1	admin	logentry
2	auth	group
3	auth	permission
4	auth	user
5	contenttypes	contenttype
6	sessions	session
7	inventory	item
8	inventory	stock
9	inventory	store
\.


--
-- TOC entry 3518 (class 0 OID 16711)
-- Dependencies: 235
-- Data for Name: django_migrations; Type: TABLE DATA; Schema: public; Owner: ikram_django_render_user
--

COPY public.django_migrations (id, app, name, applied) FROM stdin;
1	contenttypes	0001_initial	2026-02-26 11:04:52.334039+00
2	auth	0001_initial	2026-02-26 11:04:52.394737+00
3	admin	0001_initial	2026-02-26 11:04:52.413981+00
4	admin	0002_logentry_remove_auto_add	2026-02-26 11:04:52.422566+00
5	admin	0003_logentry_add_action_flag_choices	2026-02-26 11:04:52.430677+00
6	contenttypes	0002_remove_content_type_name	2026-02-26 11:04:52.443742+00
7	auth	0002_alter_permission_name_max_length	2026-02-26 11:04:52.452103+00
8	auth	0003_alter_user_email_max_length	2026-02-26 11:04:52.459897+00
9	auth	0004_alter_user_username_opts	2026-02-26 11:04:52.467627+00
10	auth	0005_alter_user_last_login_null	2026-02-26 11:04:52.474226+00
11	auth	0006_require_contenttypes_0002	2026-02-26 11:04:52.475888+00
12	auth	0007_alter_validators_add_error_messages	2026-02-26 11:04:52.487303+00
13	auth	0008_alter_user_username_max_length	2026-02-26 11:04:52.498422+00
14	auth	0009_alter_user_last_name_max_length	2026-02-26 11:04:52.506451+00
15	auth	0010_alter_group_name_max_length	2026-02-26 11:04:52.515743+00
16	auth	0011_update_proxy_permissions	2026-02-26 11:04:52.522715+00
17	auth	0012_alter_user_first_name_max_length	2026-02-26 11:04:52.528989+00
18	sessions	0001_initial	2026-02-26 11:04:52.54074+00
19	inventory	0001_initial	2026-02-26 11:23:39.945428+00
20	inventory	0002_stock_last_updated	2026-02-26 13:34:37.173674+00
\.


--
-- TOC entry 3520 (class 0 OID 16721)
-- Dependencies: 237
-- Data for Name: django_session; Type: TABLE DATA; Schema: public; Owner: ikram_django_render_user
--

COPY public.django_session (session_key, session_data, expire_date) FROM stdin;
akuaawqq339yk2hmdctarmlygq9kn8b5	.eJxVjEEOwiAQAP-yZ0NYKCz26L1vIAtsbdXQpLQn499Nkx70OjOZN0TetynuTdY4F-gB4fLLEuen1EOUB9f7ovJSt3VO6kjUaZsaliKv29n-DSZuE_SQ0HtJ2Al605HW1ozOZh47tMGgJ1NIlyBhZM2BSHt3FWcteh2cJQrw-QK1CTYj:1vvZjw:n_q0yiBfzsiUFAVJGWtmfNaCHWwJX7-9Qe1XAx40AxA	2026-03-12 11:41:08.795344+00
\.


--
-- TOC entry 3521 (class 0 OID 16729)
-- Dependencies: 238
-- Data for Name: inventory_item; Type: TABLE DATA; Schema: public; Owner: ikram_django_render_user
--

COPY public.inventory_item (item_id, name, price_per_kg, is_subsidized) FROM stdin;
6	Rice	30	t
7	Wheat	28	t
8	Sugar	25	t
9	Atta	27	t
10	Ragi	22	t
11	Toor Dal	85	t
12	Urad Dal	90	t
13	Chana Dal	70	t
14	Salt	5	t
15	Kerosene	15	t
16	Palm Oil	80	t
17	Red Gram	88	t
18	Green Gram	95	t
\.


--
-- TOC entry 3523 (class 0 OID 16737)
-- Dependencies: 240
-- Data for Name: inventory_stock; Type: TABLE DATA; Schema: public; Owner: ikram_django_render_user
--

COPY public.inventory_stock (stock_id, quantity, item_id, store_id, last_updated) FROM stdin;
9	121	10	6	2026-02-26 13:34:37.162129+00
13	22	14	6	2026-02-26 13:34:37.162129+00
18	148	6	7	2026-02-26 13:34:37.162129+00
24	193	12	7	2026-02-26 13:34:37.162129+00
25	60	13	7	2026-02-26 13:34:37.162129+00
26	118	14	7	2026-02-26 13:34:37.162129+00
27	45	15	7	2026-02-26 13:34:37.162129+00
31	121	6	8	2026-02-26 13:34:37.162129+00
32	142	7	8	2026-02-26 13:34:37.162129+00
33	58	8	8	2026-02-26 13:34:37.162129+00
35	129	10	8	2026-02-26 13:34:37.162129+00
37	38	12	8	2026-02-26 13:34:37.162129+00
38	170	13	8	2026-02-26 13:34:37.162129+00
40	42	15	8	2026-02-26 13:34:37.162129+00
42	165	17	8	2026-02-26 13:34:37.162129+00
43	180	18	8	2026-02-26 13:34:37.162129+00
44	27	6	9	2026-02-26 13:34:37.162129+00
47	194	9	9	2026-02-26 13:34:37.162129+00
51	99	13	9	2026-02-26 13:34:37.162129+00
52	54	14	9	2026-02-26 13:34:37.162129+00
54	102	16	9	2026-02-26 13:34:37.162129+00
55	148	17	9	2026-02-26 13:34:37.162129+00
58	159	7	10	2026-02-26 13:34:37.162129+00
60	117	9	10	2026-02-26 13:34:37.162129+00
61	126	10	10	2026-02-26 13:34:37.162129+00
62	158	11	10	2026-02-26 13:34:37.162129+00
63	98	12	10	2026-02-26 13:34:37.162129+00
69	108	18	10	2026-02-26 13:34:37.162129+00
70	174	6	11	2026-02-26 13:34:37.162129+00
76	159	12	11	2026-02-26 13:34:37.162129+00
80	176	16	11	2026-02-26 13:34:37.162129+00
81	123	17	11	2026-02-26 13:34:37.162129+00
83	53	6	12	2026-02-26 13:34:37.162129+00
84	139	7	12	2026-02-26 13:34:37.162129+00
85	88	8	12	2026-02-26 13:34:37.162129+00
87	157	10	12	2026-02-26 13:34:37.162129+00
88	72	11	12	2026-02-26 13:34:37.162129+00
93	105	16	12	2026-02-26 13:34:37.162129+00
95	80	18	12	2026-02-26 13:34:37.162129+00
96	150	6	13	2026-02-26 13:34:37.162129+00
97	58	7	13	2026-02-26 13:34:37.162129+00
99	46	9	13	2026-02-26 13:34:37.162129+00
102	171	12	13	2026-02-26 13:34:37.162129+00
103	47	13	13	2026-02-26 13:34:37.162129+00
106	35	16	13	2026-02-26 13:34:37.162129+00
107	96	17	13	2026-02-26 13:34:37.162129+00
110	172	7	14	2026-02-26 13:34:37.162129+00
113	56	10	14	2026-02-26 13:34:37.162129+00
114	111	11	14	2026-02-26 13:34:37.162129+00
115	107	12	14	2026-02-26 13:34:37.162129+00
119	194	16	14	2026-02-26 13:34:37.162129+00
120	123	17	14	2026-02-26 13:34:37.162129+00
122	59	6	15	2026-02-26 13:34:37.162129+00
123	77	7	15	2026-02-26 13:34:37.162129+00
126	53	10	15	2026-02-26 13:34:37.162129+00
127	173	11	15	2026-02-26 13:34:37.162129+00
128	87	12	15	2026-02-26 13:34:37.162129+00
129	186	13	15	2026-02-26 13:34:37.162129+00
133	78	17	15	2026-02-26 13:34:37.162129+00
134	159	18	15	2026-02-26 13:34:37.162129+00
136	47	7	16	2026-02-26 13:34:37.162129+00
137	46	8	16	2026-02-26 13:34:37.162129+00
139	22	10	16	2026-02-26 13:34:37.162129+00
140	131	11	16	2026-02-26 13:34:37.162129+00
142	40	13	16	2026-02-26 13:34:37.162129+00
143	181	14	16	2026-02-26 13:34:37.162129+00
146	182	17	16	2026-02-26 13:34:37.162129+00
147	109	18	16	2026-02-26 13:34:37.162129+00
148	146	6	17	2026-02-26 13:34:37.162129+00
151	43	9	17	2026-02-26 13:34:37.162129+00
152	97	10	17	2026-02-26 13:34:37.162129+00
153	194	11	17	2026-02-26 13:34:37.162129+00
155	77	13	17	2026-02-26 13:34:37.162129+00
157	123	15	17	2026-02-26 13:34:37.162129+00
90	43	13	12	2026-02-26 16:45:47.485404+00
108	108	18	13	2026-02-26 16:45:47.486738+00
77	283	13	11	2026-02-26 16:45:47.487854+00
22	64	10	7	2026-02-26 16:45:47.488883+00
135	137	6	16	2026-03-17 06:16:22.003737+00
94	255	17	12	2026-02-26 17:08:25.241724+00
91	174	14	12	2026-02-26 17:08:25.234856+00
65	85	14	10	2026-02-26 17:08:25.238307+00
98	174	8	13	2026-02-26 17:42:13.426255+00
131	84	15	15	2026-03-17 06:56:03.015189+00
100	67	10	13	2026-02-26 17:24:29.153293+00
75	289	11	11	2026-02-26 17:24:29.156652+00
111	246	8	14	2026-03-17 06:56:03.017261+00
45	86	7	9	2026-03-17 06:11:22.667752+00
12	289	13	6	2026-03-17 07:15:30.145354+00
21	116	9	7	2026-03-17 07:15:30.151775+00
130	46	14	15	2026-03-17 06:15:55.542353+00
145	241	16	16	2026-03-17 06:15:55.549536+00
20	197	8	7	2026-03-17 06:15:55.551138+00
104	219	14	13	2026-03-17 06:15:55.557847+00
50	29	12	9	2026-03-17 06:15:55.567145+00
141	57	12	16	2026-03-17 06:16:22.041332+00
16	295	17	6	2026-03-17 06:16:22.051119+00
156	69	14	17	2026-03-17 06:56:03.009688+00
150	194	8	17	2026-03-17 11:52:41.312242+00
36	195	11	8	2026-03-17 11:52:41.620336+00
71	96	7	11	2026-03-17 14:35:59.181163+00
86	273	9	12	2026-03-17 14:35:59.795938+00
41	117	16	8	2026-03-17 14:36:00.716609+00
57	144	6	10	2026-03-17 14:36:01.027617+00
30	39	18	7	2026-03-17 14:36:01.332104+00
68	232	17	10	2026-03-17 14:36:01.639852+00
112	67	9	14	2026-03-17 19:56:04.447983+00
79	260	15	11	2026-03-17 19:56:04.770201+00
59	84	8	10	2026-03-17 19:56:05.061938+00
23	42	11	7	2026-03-17 19:56:05.306979+00
125	176	9	15	2026-03-17 19:56:05.577685+00
138	251	9	16	2026-03-17 19:56:06.49384+00
117	169	14	14	2026-03-22 14:08:42.026263+00
118	146	15	14	2026-03-23 19:22:45.326362+00
17	100	18	6	2026-03-22 17:00:13.102052+00
149	166	7	17	2026-03-22 17:00:13.399191+00
67	123	16	10	2026-03-22 17:00:13.704855+00
74	265	10	11	2026-03-22 17:00:14.012715+00
66	147	15	10	2026-03-22 17:00:15.074559+00
132	130	16	15	2026-03-22 17:00:15.354948+00
8	265	9	6	2026-03-23 19:22:44.645312+00
11	118	12	6	2026-03-23 19:22:45.100122+00
109	139	6	14	2026-03-23 19:22:45.553066+00
73	108	9	11	2026-03-23 19:47:44.646438+00
89	126	12	12	2026-03-23 19:22:46.460614+00
154	74	12	17	2026-03-23 19:47:43.04001+00
28	257	16	7	2026-03-23 19:47:43.275775+00
82	93	18	11	2026-03-23 19:47:44.1906+00
19	242	7	7	2026-03-23 19:47:44.420746+00
6	0	7	6	2026-02-26 13:34:37.162129+00
10	0	11	6	2026-03-24 06:56:55.78575+00
64	0	13	10	2026-03-24 11:39:36.757761+00
72	38	8	11	2026-03-17 06:56:03.013245+00
121	254	18	14	2026-03-17 06:56:03.021253+00
7	133	8	6	2026-03-17 06:56:03.023322+00
15	42	16	6	2026-03-17 07:08:34.721131+00
105	119	15	13	2026-03-17 07:08:34.73603+00
78	204	14	11	2026-03-17 07:15:30.130259+00
29	56	17	7	2026-03-17 07:15:30.148206+00
159	84	17	17	2026-02-26 13:34:37.162129+00
160	26	18	17	2026-02-26 13:34:37.162129+00
161	139	6	18	2026-02-26 13:34:37.162129+00
162	46	7	18	2026-02-26 13:34:37.162129+00
163	153	8	18	2026-02-26 13:34:37.162129+00
165	70	10	18	2026-02-26 13:34:37.162129+00
166	30	11	18	2026-02-26 13:34:37.162129+00
173	20	18	18	2026-02-26 13:34:37.162129+00
174	170	6	19	2026-02-26 13:34:37.162129+00
175	90	7	19	2026-02-26 13:34:37.162129+00
179	136	11	19	2026-02-26 13:34:37.162129+00
181	121	13	19	2026-02-26 13:34:37.162129+00
182	57	14	19	2026-02-26 13:34:37.162129+00
183	199	15	19	2026-02-26 13:34:37.162129+00
185	75	17	19	2026-02-26 13:34:37.162129+00
188	77	7	20	2026-02-26 13:34:37.162129+00
190	115	9	20	2026-02-26 13:34:37.162129+00
193	115	12	20	2026-02-26 13:34:37.162129+00
195	35	14	20	2026-02-26 13:34:37.162129+00
196	143	15	20	2026-02-26 13:34:37.162129+00
201	113	7	21	2026-02-26 13:34:37.162129+00
204	110	10	21	2026-02-26 13:34:37.162129+00
206	90	12	21	2026-02-26 13:34:37.162129+00
210	152	16	21	2026-02-26 13:34:37.162129+00
211	44	17	21	2026-02-26 13:34:37.162129+00
212	52	18	21	2026-02-26 13:34:37.162129+00
214	111	7	22	2026-02-26 13:34:37.162129+00
215	116	8	22	2026-02-26 13:34:37.162129+00
216	117	9	22	2026-02-26 13:34:37.162129+00
217	137	10	22	2026-02-26 13:34:37.162129+00
220	167	13	22	2026-02-26 13:34:37.162129+00
224	75	17	22	2026-02-26 13:34:37.162129+00
225	42	18	22	2026-02-26 13:34:37.162129+00
227	92	7	23	2026-02-26 13:34:37.162129+00
228	70	8	23	2026-02-26 13:34:37.162129+00
229	62	9	23	2026-02-26 13:34:37.162129+00
230	99	10	23	2026-02-26 13:34:37.162129+00
231	157	11	23	2026-02-26 13:34:37.162129+00
233	44	13	23	2026-02-26 13:34:37.162129+00
234	47	14	23	2026-02-26 13:34:37.162129+00
235	110	15	23	2026-02-26 13:34:37.162129+00
236	171	16	23	2026-02-26 13:34:37.162129+00
237	183	17	23	2026-02-26 13:34:37.162129+00
238	63	18	23	2026-02-26 13:34:37.162129+00
241	149	8	24	2026-02-26 13:34:37.162129+00
242	70	9	24	2026-02-26 13:34:37.162129+00
243	62	10	24	2026-02-26 13:34:37.162129+00
244	105	11	24	2026-02-26 13:34:37.162129+00
247	34	14	24	2026-02-26 13:34:37.162129+00
248	151	15	24	2026-02-26 13:34:37.162129+00
249	106	16	24	2026-02-26 13:34:37.162129+00
250	40	17	24	2026-02-26 13:34:37.162129+00
251	153	18	24	2026-02-26 13:34:37.162129+00
252	111	6	25	2026-02-26 13:34:37.162129+00
253	141	7	25	2026-02-26 13:34:37.162129+00
254	185	8	25	2026-02-26 13:34:37.162129+00
255	171	9	25	2026-02-26 13:34:37.162129+00
259	96	13	25	2026-02-26 13:34:37.162129+00
263	132	17	25	2026-02-26 13:34:37.162129+00
257	233	11	25	2026-02-26 16:43:23.113405+00
170	158	15	18	2026-02-26 16:45:47.490797+00
158	52	16	17	2026-02-26 16:45:47.493263+00
223	129	16	22	2026-03-17 06:16:22.008461+00
197	16	16	20	2026-02-26 17:08:25.239661+00
203	282	9	21	2026-02-26 17:08:25.242627+00
198	93	17	20	2026-02-26 17:08:25.2465+00
240	150	7	24	2026-02-26 17:24:29.137893+00
49	111	11	9	2026-02-26 17:24:29.149405+00
178	155	10	19	2026-02-26 17:24:29.152216+00
208	156	14	21	2026-02-26 17:24:29.15431+00
191	170	10	20	2026-02-26 17:24:29.155587+00
261	132	15	25	2026-02-26 17:24:29.157718+00
172	26	17	18	2026-02-26 17:42:13.398628+00
34	127	9	8	2026-02-26 17:42:13.411772+00
264	205	18	25	2026-02-26 17:42:13.415864+00
169	30	14	18	2026-03-17 06:11:22.606989+00
186	212	18	19	2026-03-17 06:11:22.627934+00
177	109	9	19	2026-03-17 06:11:22.646931+00
167	15	12	18	2026-03-17 06:11:22.651359+00
187	42	6	20	2026-03-17 06:15:55.547333+00
39	11	14	8	2026-03-17 06:15:55.559631+00
184	176	16	19	2026-03-17 06:15:55.56316+00
256	83	10	25	2026-03-17 06:16:21.993217+00
164	248	9	18	2026-03-17 06:16:22.01624+00
246	204	13	24	2026-03-17 06:16:22.049126+00
239	167	6	24	2026-03-17 07:08:34.733368+00
189	297	8	20	2026-03-17 07:08:34.747755+00
171	118	16	18	2026-03-17 07:15:30.142725+00
226	196	6	23	2026-03-17 07:15:30.143947+00
101	126	11	13	2026-03-17 11:52:40.39281+00
260	69	14	25	2026-03-17 11:52:40.697806+00
56	276	18	9	2026-03-22 17:00:14.796586+00
180	116	12	19	2026-03-17 11:52:41.927503+00
53	113	15	9	2026-03-17 11:52:42.206949+00
209	154	15	21	2026-03-17 11:52:42.541115+00
262	99	16	25	2026-03-17 11:52:42.848081+00
232	111	12	23	2026-03-22 14:08:41.721875+00
205	235	11	21	2026-03-17 14:35:58.878687+00
46	215	8	9	2026-03-17 14:35:59.495549+00
5	0	6	6	2026-03-17 06:56:02.994028+00
192	191	11	20	2026-03-17 14:36:00.411841+00
245	214	12	24	2026-03-17 19:56:03.832053+00
176	291	8	19	2026-03-17 19:56:04.138717+00
202	62	8	21	2026-03-17 19:56:05.855362+00
207	150	13	21	2026-03-17 19:56:06.186772+00
116	92	13	14	2026-03-23 19:22:45.780205+00
124	184	8	15	2026-03-22 14:08:43.156475+00
199	44	18	20	2026-03-22 14:08:43.424129+00
218	232	11	22	2026-03-22 14:08:43.714414+00
144	151	15	16	2026-03-22 14:08:43.991394+00
200	71	6	21	2026-03-22 14:08:44.292301+00
14	177	15	6	2026-03-22 17:00:12.796745+00
213	249	6	22	2026-03-22 17:00:14.286259+00
219	210	12	22	2026-03-22 17:00:14.540742+00
194	221	13	20	2026-03-23 19:22:44.874094+00
221	265	14	22	2026-03-23 19:22:46.007565+00
168	261	13	18	2026-03-23 19:22:46.689744+00
92	220	15	12	2026-03-23 19:47:43.504862+00
222	23	15	22	2026-03-23 19:47:43.7323+00
48	28	10	9	2026-03-23 19:47:43.961596+00
258	251	12	25	2026-03-23 19:47:44.875447+00
\.


--
-- TOC entry 3525 (class 0 OID 16746)
-- Dependencies: 242
-- Data for Name: inventory_store; Type: TABLE DATA; Schema: public; Owner: ikram_django_render_user
--

COPY public.inventory_store (store_id, name, district, latitude, longitude) FROM stdin;
6	Thrissur Town Supplyco	Thrissur	10.5	76.2
7	Kunnamkulam Supplyco	Thrissur	10.51	76.21000000000001
8	Irinjalakuda Supplyco	Thrissur	10.52	76.22
9	Chalakudy Supplyco	Thrissur	10.53	76.23
10	Guruvayur Supplyco	Thrissur	10.54	76.24000000000001
11	Wadakkanchery Supplyco	Thrissur	10.55	76.25
12	Kodungallur Supplyco	Thrissur	10.56	76.26
13	Manalur Supplyco	Thrissur	10.57	76.27
14	Anthikad Supplyco	Thrissur	10.58	76.28
15	Mattathur Supplyco	Thrissur	10.59	76.29
16	Varandarappilly Supplyco	Thrissur	10.6	76.3
17	Vadanappally Supplyco	Thrissur	10.61	76.31
18	Kaipamangalam Supplyco	Thrissur	10.62	76.32000000000001
19	Chavakkad Supplyco	Thrissur	10.63	76.33
20	Choondal Supplyco	Thrissur	10.64	76.34
21	Pavaratty Supplyco	Thrissur	10.65	76.35000000000001
22	Kolazhy Supplyco	Thrissur	10.66	76.36
23	Ayyanthole Supplyco	Thrissur	10.67	76.37
24	Paravattani Supplyco	Thrissur	10.68	76.38000000000001
25	Thriprayar Supplyco	Thrissur	10.69	76.39
\.


--
-- TOC entry 3534 (class 0 OID 0)
-- Dependencies: 220
-- Name: auth_group_id_seq; Type: SEQUENCE SET; Schema: public; Owner: ikram_django_render_user
--

SELECT pg_catalog.setval('public.auth_group_id_seq', 1, false);


--
-- TOC entry 3535 (class 0 OID 0)
-- Dependencies: 222
-- Name: auth_group_permissions_id_seq; Type: SEQUENCE SET; Schema: public; Owner: ikram_django_render_user
--

SELECT pg_catalog.setval('public.auth_group_permissions_id_seq', 1, false);


--
-- TOC entry 3536 (class 0 OID 0)
-- Dependencies: 224
-- Name: auth_permission_id_seq; Type: SEQUENCE SET; Schema: public; Owner: ikram_django_render_user
--

SELECT pg_catalog.setval('public.auth_permission_id_seq', 36, true);


--
-- TOC entry 3537 (class 0 OID 0)
-- Dependencies: 227
-- Name: auth_user_groups_id_seq; Type: SEQUENCE SET; Schema: public; Owner: ikram_django_render_user
--

SELECT pg_catalog.setval('public.auth_user_groups_id_seq', 1, false);


--
-- TOC entry 3538 (class 0 OID 0)
-- Dependencies: 228
-- Name: auth_user_id_seq; Type: SEQUENCE SET; Schema: public; Owner: ikram_django_render_user
--

SELECT pg_catalog.setval('public.auth_user_id_seq', 1, true);


--
-- TOC entry 3539 (class 0 OID 0)
-- Dependencies: 230
-- Name: auth_user_user_permissions_id_seq; Type: SEQUENCE SET; Schema: public; Owner: ikram_django_render_user
--

SELECT pg_catalog.setval('public.auth_user_user_permissions_id_seq', 1, false);


--
-- TOC entry 3540 (class 0 OID 0)
-- Dependencies: 232
-- Name: django_admin_log_id_seq; Type: SEQUENCE SET; Schema: public; Owner: ikram_django_render_user
--

SELECT pg_catalog.setval('public.django_admin_log_id_seq', 8, true);


--
-- TOC entry 3541 (class 0 OID 0)
-- Dependencies: 234
-- Name: django_content_type_id_seq; Type: SEQUENCE SET; Schema: public; Owner: ikram_django_render_user
--

SELECT pg_catalog.setval('public.django_content_type_id_seq', 9, true);


--
-- TOC entry 3542 (class 0 OID 0)
-- Dependencies: 236
-- Name: django_migrations_id_seq; Type: SEQUENCE SET; Schema: public; Owner: ikram_django_render_user
--

SELECT pg_catalog.setval('public.django_migrations_id_seq', 20, true);


--
-- TOC entry 3543 (class 0 OID 0)
-- Dependencies: 239
-- Name: inventory_item_item_id_seq; Type: SEQUENCE SET; Schema: public; Owner: ikram_django_render_user
--

SELECT pg_catalog.setval('public.inventory_item_item_id_seq', 18, true);


--
-- TOC entry 3544 (class 0 OID 0)
-- Dependencies: 241
-- Name: inventory_stock_stock_id_seq; Type: SEQUENCE SET; Schema: public; Owner: ikram_django_render_user
--

SELECT pg_catalog.setval('public.inventory_stock_stock_id_seq', 264, true);


--
-- TOC entry 3545 (class 0 OID 0)
-- Dependencies: 243
-- Name: inventory_store_store_id_seq; Type: SEQUENCE SET; Schema: public; Owner: ikram_django_render_user
--

SELECT pg_catalog.setval('public.inventory_store_store_id_seq', 25, true);


--
-- TOC entry 3291 (class 2606 OID 16756)
-- Name: auth_group auth_group_name_key; Type: CONSTRAINT; Schema: public; Owner: ikram_django_render_user
--

ALTER TABLE ONLY public.auth_group
    ADD CONSTRAINT auth_group_name_key UNIQUE (name);


--
-- TOC entry 3296 (class 2606 OID 16758)
-- Name: auth_group_permissions auth_group_permissions_group_id_permission_id_0cd325b0_uniq; Type: CONSTRAINT; Schema: public; Owner: ikram_django_render_user
--

ALTER TABLE ONLY public.auth_group_permissions
    ADD CONSTRAINT auth_group_permissions_group_id_permission_id_0cd325b0_uniq UNIQUE (group_id, permission_id);


--
-- TOC entry 3299 (class 2606 OID 16760)
-- Name: auth_group_permissions auth_group_permissions_pkey; Type: CONSTRAINT; Schema: public; Owner: ikram_django_render_user
--

ALTER TABLE ONLY public.auth_group_permissions
    ADD CONSTRAINT auth_group_permissions_pkey PRIMARY KEY (id);


--
-- TOC entry 3293 (class 2606 OID 16762)
-- Name: auth_group auth_group_pkey; Type: CONSTRAINT; Schema: public; Owner: ikram_django_render_user
--

ALTER TABLE ONLY public.auth_group
    ADD CONSTRAINT auth_group_pkey PRIMARY KEY (id);


--
-- TOC entry 3302 (class 2606 OID 16764)
-- Name: auth_permission auth_permission_content_type_id_codename_01ab375a_uniq; Type: CONSTRAINT; Schema: public; Owner: ikram_django_render_user
--

ALTER TABLE ONLY public.auth_permission
    ADD CONSTRAINT auth_permission_content_type_id_codename_01ab375a_uniq UNIQUE (content_type_id, codename);


--
-- TOC entry 3304 (class 2606 OID 16766)
-- Name: auth_permission auth_permission_pkey; Type: CONSTRAINT; Schema: public; Owner: ikram_django_render_user
--

ALTER TABLE ONLY public.auth_permission
    ADD CONSTRAINT auth_permission_pkey PRIMARY KEY (id);


--
-- TOC entry 3312 (class 2606 OID 16768)
-- Name: auth_user_groups auth_user_groups_pkey; Type: CONSTRAINT; Schema: public; Owner: ikram_django_render_user
--

ALTER TABLE ONLY public.auth_user_groups
    ADD CONSTRAINT auth_user_groups_pkey PRIMARY KEY (id);


--
-- TOC entry 3315 (class 2606 OID 16770)
-- Name: auth_user_groups auth_user_groups_user_id_group_id_94350c0c_uniq; Type: CONSTRAINT; Schema: public; Owner: ikram_django_render_user
--

ALTER TABLE ONLY public.auth_user_groups
    ADD CONSTRAINT auth_user_groups_user_id_group_id_94350c0c_uniq UNIQUE (user_id, group_id);


--
-- TOC entry 3306 (class 2606 OID 16772)
-- Name: auth_user auth_user_pkey; Type: CONSTRAINT; Schema: public; Owner: ikram_django_render_user
--

ALTER TABLE ONLY public.auth_user
    ADD CONSTRAINT auth_user_pkey PRIMARY KEY (id);


--
-- TOC entry 3318 (class 2606 OID 16774)
-- Name: auth_user_user_permissions auth_user_user_permissions_pkey; Type: CONSTRAINT; Schema: public; Owner: ikram_django_render_user
--

ALTER TABLE ONLY public.auth_user_user_permissions
    ADD CONSTRAINT auth_user_user_permissions_pkey PRIMARY KEY (id);


--
-- TOC entry 3321 (class 2606 OID 16776)
-- Name: auth_user_user_permissions auth_user_user_permissions_user_id_permission_id_14a6b632_uniq; Type: CONSTRAINT; Schema: public; Owner: ikram_django_render_user
--

ALTER TABLE ONLY public.auth_user_user_permissions
    ADD CONSTRAINT auth_user_user_permissions_user_id_permission_id_14a6b632_uniq UNIQUE (user_id, permission_id);


--
-- TOC entry 3309 (class 2606 OID 16778)
-- Name: auth_user auth_user_username_key; Type: CONSTRAINT; Schema: public; Owner: ikram_django_render_user
--

ALTER TABLE ONLY public.auth_user
    ADD CONSTRAINT auth_user_username_key UNIQUE (username);


--
-- TOC entry 3324 (class 2606 OID 16780)
-- Name: django_admin_log django_admin_log_pkey; Type: CONSTRAINT; Schema: public; Owner: ikram_django_render_user
--

ALTER TABLE ONLY public.django_admin_log
    ADD CONSTRAINT django_admin_log_pkey PRIMARY KEY (id);


--
-- TOC entry 3327 (class 2606 OID 16782)
-- Name: django_content_type django_content_type_app_label_model_76bd3d3b_uniq; Type: CONSTRAINT; Schema: public; Owner: ikram_django_render_user
--

ALTER TABLE ONLY public.django_content_type
    ADD CONSTRAINT django_content_type_app_label_model_76bd3d3b_uniq UNIQUE (app_label, model);


--
-- TOC entry 3329 (class 2606 OID 16784)
-- Name: django_content_type django_content_type_pkey; Type: CONSTRAINT; Schema: public; Owner: ikram_django_render_user
--

ALTER TABLE ONLY public.django_content_type
    ADD CONSTRAINT django_content_type_pkey PRIMARY KEY (id);


--
-- TOC entry 3331 (class 2606 OID 16786)
-- Name: django_migrations django_migrations_pkey; Type: CONSTRAINT; Schema: public; Owner: ikram_django_render_user
--

ALTER TABLE ONLY public.django_migrations
    ADD CONSTRAINT django_migrations_pkey PRIMARY KEY (id);


--
-- TOC entry 3334 (class 2606 OID 16788)
-- Name: django_session django_session_pkey; Type: CONSTRAINT; Schema: public; Owner: ikram_django_render_user
--

ALTER TABLE ONLY public.django_session
    ADD CONSTRAINT django_session_pkey PRIMARY KEY (session_key);


--
-- TOC entry 3337 (class 2606 OID 16790)
-- Name: inventory_item inventory_item_pkey; Type: CONSTRAINT; Schema: public; Owner: ikram_django_render_user
--

ALTER TABLE ONLY public.inventory_item
    ADD CONSTRAINT inventory_item_pkey PRIMARY KEY (item_id);


--
-- TOC entry 3340 (class 2606 OID 16792)
-- Name: inventory_stock inventory_stock_pkey; Type: CONSTRAINT; Schema: public; Owner: ikram_django_render_user
--

ALTER TABLE ONLY public.inventory_stock
    ADD CONSTRAINT inventory_stock_pkey PRIMARY KEY (stock_id);


--
-- TOC entry 3343 (class 2606 OID 16794)
-- Name: inventory_store inventory_store_pkey; Type: CONSTRAINT; Schema: public; Owner: ikram_django_render_user
--

ALTER TABLE ONLY public.inventory_store
    ADD CONSTRAINT inventory_store_pkey PRIMARY KEY (store_id);


--
-- TOC entry 3289 (class 1259 OID 16795)
-- Name: auth_group_name_a6ea08ec_like; Type: INDEX; Schema: public; Owner: ikram_django_render_user
--

CREATE INDEX auth_group_name_a6ea08ec_like ON public.auth_group USING btree (name varchar_pattern_ops);


--
-- TOC entry 3294 (class 1259 OID 16796)
-- Name: auth_group_permissions_group_id_b120cbf9; Type: INDEX; Schema: public; Owner: ikram_django_render_user
--

CREATE INDEX auth_group_permissions_group_id_b120cbf9 ON public.auth_group_permissions USING btree (group_id);


--
-- TOC entry 3297 (class 1259 OID 16797)
-- Name: auth_group_permissions_permission_id_84c5c92e; Type: INDEX; Schema: public; Owner: ikram_django_render_user
--

CREATE INDEX auth_group_permissions_permission_id_84c5c92e ON public.auth_group_permissions USING btree (permission_id);


--
-- TOC entry 3300 (class 1259 OID 16798)
-- Name: auth_permission_content_type_id_2f476e4b; Type: INDEX; Schema: public; Owner: ikram_django_render_user
--

CREATE INDEX auth_permission_content_type_id_2f476e4b ON public.auth_permission USING btree (content_type_id);


--
-- TOC entry 3310 (class 1259 OID 16799)
-- Name: auth_user_groups_group_id_97559544; Type: INDEX; Schema: public; Owner: ikram_django_render_user
--

CREATE INDEX auth_user_groups_group_id_97559544 ON public.auth_user_groups USING btree (group_id);


--
-- TOC entry 3313 (class 1259 OID 16800)
-- Name: auth_user_groups_user_id_6a12ed8b; Type: INDEX; Schema: public; Owner: ikram_django_render_user
--

CREATE INDEX auth_user_groups_user_id_6a12ed8b ON public.auth_user_groups USING btree (user_id);


--
-- TOC entry 3316 (class 1259 OID 16801)
-- Name: auth_user_user_permissions_permission_id_1fbb5f2c; Type: INDEX; Schema: public; Owner: ikram_django_render_user
--

CREATE INDEX auth_user_user_permissions_permission_id_1fbb5f2c ON public.auth_user_user_permissions USING btree (permission_id);


--
-- TOC entry 3319 (class 1259 OID 16802)
-- Name: auth_user_user_permissions_user_id_a95ead1b; Type: INDEX; Schema: public; Owner: ikram_django_render_user
--

CREATE INDEX auth_user_user_permissions_user_id_a95ead1b ON public.auth_user_user_permissions USING btree (user_id);


--
-- TOC entry 3307 (class 1259 OID 16803)
-- Name: auth_user_username_6821ab7c_like; Type: INDEX; Schema: public; Owner: ikram_django_render_user
--

CREATE INDEX auth_user_username_6821ab7c_like ON public.auth_user USING btree (username varchar_pattern_ops);


--
-- TOC entry 3322 (class 1259 OID 16804)
-- Name: django_admin_log_content_type_id_c4bce8eb; Type: INDEX; Schema: public; Owner: ikram_django_render_user
--

CREATE INDEX django_admin_log_content_type_id_c4bce8eb ON public.django_admin_log USING btree (content_type_id);


--
-- TOC entry 3325 (class 1259 OID 16805)
-- Name: django_admin_log_user_id_c564eba6; Type: INDEX; Schema: public; Owner: ikram_django_render_user
--

CREATE INDEX django_admin_log_user_id_c564eba6 ON public.django_admin_log USING btree (user_id);


--
-- TOC entry 3332 (class 1259 OID 16806)
-- Name: django_session_expire_date_a5c62663; Type: INDEX; Schema: public; Owner: ikram_django_render_user
--

CREATE INDEX django_session_expire_date_a5c62663 ON public.django_session USING btree (expire_date);


--
-- TOC entry 3335 (class 1259 OID 16807)
-- Name: django_session_session_key_c0390e0f_like; Type: INDEX; Schema: public; Owner: ikram_django_render_user
--

CREATE INDEX django_session_session_key_c0390e0f_like ON public.django_session USING btree (session_key varchar_pattern_ops);


--
-- TOC entry 3338 (class 1259 OID 16808)
-- Name: inventory_stock_item_id_51ef1040; Type: INDEX; Schema: public; Owner: ikram_django_render_user
--

CREATE INDEX inventory_stock_item_id_51ef1040 ON public.inventory_stock USING btree (item_id);


--
-- TOC entry 3341 (class 1259 OID 16809)
-- Name: inventory_stock_store_id_ee938882; Type: INDEX; Schema: public; Owner: ikram_django_render_user
--

CREATE INDEX inventory_stock_store_id_ee938882 ON public.inventory_stock USING btree (store_id);


--
-- TOC entry 3344 (class 2606 OID 16810)
-- Name: auth_group_permissions auth_group_permissio_permission_id_84c5c92e_fk_auth_perm; Type: FK CONSTRAINT; Schema: public; Owner: ikram_django_render_user
--

ALTER TABLE ONLY public.auth_group_permissions
    ADD CONSTRAINT auth_group_permissio_permission_id_84c5c92e_fk_auth_perm FOREIGN KEY (permission_id) REFERENCES public.auth_permission(id) DEFERRABLE INITIALLY DEFERRED;


--
-- TOC entry 3345 (class 2606 OID 16815)
-- Name: auth_group_permissions auth_group_permissions_group_id_b120cbf9_fk_auth_group_id; Type: FK CONSTRAINT; Schema: public; Owner: ikram_django_render_user
--

ALTER TABLE ONLY public.auth_group_permissions
    ADD CONSTRAINT auth_group_permissions_group_id_b120cbf9_fk_auth_group_id FOREIGN KEY (group_id) REFERENCES public.auth_group(id) DEFERRABLE INITIALLY DEFERRED;


--
-- TOC entry 3346 (class 2606 OID 16820)
-- Name: auth_permission auth_permission_content_type_id_2f476e4b_fk_django_co; Type: FK CONSTRAINT; Schema: public; Owner: ikram_django_render_user
--

ALTER TABLE ONLY public.auth_permission
    ADD CONSTRAINT auth_permission_content_type_id_2f476e4b_fk_django_co FOREIGN KEY (content_type_id) REFERENCES public.django_content_type(id) DEFERRABLE INITIALLY DEFERRED;


--
-- TOC entry 3347 (class 2606 OID 16825)
-- Name: auth_user_groups auth_user_groups_group_id_97559544_fk_auth_group_id; Type: FK CONSTRAINT; Schema: public; Owner: ikram_django_render_user
--

ALTER TABLE ONLY public.auth_user_groups
    ADD CONSTRAINT auth_user_groups_group_id_97559544_fk_auth_group_id FOREIGN KEY (group_id) REFERENCES public.auth_group(id) DEFERRABLE INITIALLY DEFERRED;


--
-- TOC entry 3348 (class 2606 OID 16830)
-- Name: auth_user_groups auth_user_groups_user_id_6a12ed8b_fk_auth_user_id; Type: FK CONSTRAINT; Schema: public; Owner: ikram_django_render_user
--

ALTER TABLE ONLY public.auth_user_groups
    ADD CONSTRAINT auth_user_groups_user_id_6a12ed8b_fk_auth_user_id FOREIGN KEY (user_id) REFERENCES public.auth_user(id) DEFERRABLE INITIALLY DEFERRED;


--
-- TOC entry 3349 (class 2606 OID 16835)
-- Name: auth_user_user_permissions auth_user_user_permi_permission_id_1fbb5f2c_fk_auth_perm; Type: FK CONSTRAINT; Schema: public; Owner: ikram_django_render_user
--

ALTER TABLE ONLY public.auth_user_user_permissions
    ADD CONSTRAINT auth_user_user_permi_permission_id_1fbb5f2c_fk_auth_perm FOREIGN KEY (permission_id) REFERENCES public.auth_permission(id) DEFERRABLE INITIALLY DEFERRED;


--
-- TOC entry 3350 (class 2606 OID 16840)
-- Name: auth_user_user_permissions auth_user_user_permissions_user_id_a95ead1b_fk_auth_user_id; Type: FK CONSTRAINT; Schema: public; Owner: ikram_django_render_user
--

ALTER TABLE ONLY public.auth_user_user_permissions
    ADD CONSTRAINT auth_user_user_permissions_user_id_a95ead1b_fk_auth_user_id FOREIGN KEY (user_id) REFERENCES public.auth_user(id) DEFERRABLE INITIALLY DEFERRED;


--
-- TOC entry 3351 (class 2606 OID 16845)
-- Name: django_admin_log django_admin_log_content_type_id_c4bce8eb_fk_django_co; Type: FK CONSTRAINT; Schema: public; Owner: ikram_django_render_user
--

ALTER TABLE ONLY public.django_admin_log
    ADD CONSTRAINT django_admin_log_content_type_id_c4bce8eb_fk_django_co FOREIGN KEY (content_type_id) REFERENCES public.django_content_type(id) DEFERRABLE INITIALLY DEFERRED;


--
-- TOC entry 3352 (class 2606 OID 16850)
-- Name: django_admin_log django_admin_log_user_id_c564eba6_fk_auth_user_id; Type: FK CONSTRAINT; Schema: public; Owner: ikram_django_render_user
--

ALTER TABLE ONLY public.django_admin_log
    ADD CONSTRAINT django_admin_log_user_id_c564eba6_fk_auth_user_id FOREIGN KEY (user_id) REFERENCES public.auth_user(id) DEFERRABLE INITIALLY DEFERRED;


--
-- TOC entry 3353 (class 2606 OID 16855)
-- Name: inventory_stock inventory_stock_item_id_51ef1040_fk_inventory_item_item_id; Type: FK CONSTRAINT; Schema: public; Owner: ikram_django_render_user
--

ALTER TABLE ONLY public.inventory_stock
    ADD CONSTRAINT inventory_stock_item_id_51ef1040_fk_inventory_item_item_id FOREIGN KEY (item_id) REFERENCES public.inventory_item(item_id) DEFERRABLE INITIALLY DEFERRED;


--
-- TOC entry 3354 (class 2606 OID 16860)
-- Name: inventory_stock inventory_stock_store_id_ee938882_fk_inventory_store_store_id; Type: FK CONSTRAINT; Schema: public; Owner: ikram_django_render_user
--

ALTER TABLE ONLY public.inventory_stock
    ADD CONSTRAINT inventory_stock_store_id_ee938882_fk_inventory_store_store_id FOREIGN KEY (store_id) REFERENCES public.inventory_store(store_id) DEFERRABLE INITIALLY DEFERRED;


--
-- TOC entry 3533 (class 0 OID 0)
-- Dependencies: 5
-- Name: SCHEMA public; Type: ACL; Schema: -; Owner: ikram_django_render_user
--

REVOKE USAGE ON SCHEMA public FROM PUBLIC;


--
-- TOC entry 2112 (class 826 OID 16391)
-- Name: DEFAULT PRIVILEGES FOR SEQUENCES; Type: DEFAULT ACL; Schema: -; Owner: postgres
--

ALTER DEFAULT PRIVILEGES FOR ROLE postgres GRANT ALL ON SEQUENCES TO ikram_django_render_user;


--
-- TOC entry 2114 (class 826 OID 16393)
-- Name: DEFAULT PRIVILEGES FOR TYPES; Type: DEFAULT ACL; Schema: -; Owner: postgres
--

ALTER DEFAULT PRIVILEGES FOR ROLE postgres GRANT ALL ON TYPES TO ikram_django_render_user;


--
-- TOC entry 2113 (class 826 OID 16392)
-- Name: DEFAULT PRIVILEGES FOR FUNCTIONS; Type: DEFAULT ACL; Schema: -; Owner: postgres
--

ALTER DEFAULT PRIVILEGES FOR ROLE postgres GRANT ALL ON FUNCTIONS TO ikram_django_render_user;


--
-- TOC entry 2111 (class 826 OID 16390)
-- Name: DEFAULT PRIVILEGES FOR TABLES; Type: DEFAULT ACL; Schema: -; Owner: postgres
--

ALTER DEFAULT PRIVILEGES FOR ROLE postgres GRANT ALL ON TABLES TO ikram_django_render_user;


-- Completed on 2026-03-26 21:33:17

--
-- PostgreSQL database dump complete
--



